"佐藤","さとう","Satou"
"鈴木","すずき","Suzuki"
"高橋","たかはし","Takahashi"
"田中","たなか","Tanaka"
"伊藤","いとう","Itou"
"渡辺","わたなべ","Watanabe"
"山本","やまもと","Yamamoto"
"中村","なかむら","Nakamura"
"小林","こばやし","Kobayashi"
"加藤","かとう","Katou"
"吉田","よしだ","Yoshida"
"山田","やまだ","Yamada"
"佐々木","ささき","Sasaki"
"山口","やまぐち","Yamaguchi"
"松本","まつもと","Matsumoto"
"松元","まつもと","Matsumoto"
"井上","いのうえ","Inoue"
"木村","きむら","Kimura"
"林","はやし","Hayashi"
"斉藤","さいとう","Saitou"
"斎藤","さいとう","Saitou"
"齊藤","さいとう","Saitou"
"齋藤","さいとう","Saitou"
"清水","しみず","Shimizu"
"井","い","i"
"東四柳","ひがしよつやなぎ","Higashiyotsuyanagi"
"勅使河原","てしがわら","Teshigawara"
"勘解由小路","かでのこうじ","Kadenokouji"
"中田","なかた","Nakata"
"中田","なかだ","Nakada"
"高田","たかだ","Takada"
"髙田","たかだ","Takada"
